,Feature1,Feature2,Correlation
0,X7,X14,0.9999999794371033
1,X56,X58,0.9999764973732734
2,X4,X46,0.9999201065229518
3,X20,X58,0.9998944630383992
4,X20,X56,0.9998801374489857
5,X17,X8,0.9995880536086785
6,X23,X19,0.9992895141356568
7,X31,X19,0.9992007881421544
8,X44,X43,0.9991321023460806
9,X10,X38,0.9989738485303622
10,X53,X54,0.9986965172385993
11,X31,X23,0.9984918824413519
12,X51,X3,0.998218863419907
13,X50,X46,0.997645517880954
14,X4,X50,0.9975916889765202
15,X18,X14,0.9957209408796578
16,X7,X18,0.9957028612591601
17,X9,X36,0.9950883847345648
18,X43,X56,0.9925517467343352
19,X43,X20,0.992518142141957
20,X43,X58,0.9925069808147362
21,X16,X26,0.9912949080020819
22,X44,X56,0.9866567691373085
23,X44,X58,0.9865919968696922
24,X44,X20,0.9865709192964014
25,X33,X63,0.9854007260370992
26,X11,X22,0.9824963309826962
27,X16,X12,0.9819100662575871
28,X22,X48,0.9797544432952845
29,X26,X12,0.9777318657521146
30,X49,X44,0.9750990724026328
31,X49,X43,0.9735873363309446
32,X20,X49,0.9593950018332877
33,X49,X56,0.9591223068882512
34,X49,X58,0.9586706518782226
35,X48,X11,0.9519041069901985
36,X34,X63,0.9505835261805081
37,X49,X30,0.9480703930758873
38,X52,X32,0.9448124917406543
39,X34,X33,0.9391874727152412
40,X32,X47,0.9352332902423292
41,X9,X63,0.9339670935266668
42,X36,X63,0.9312818859617816
43,X3,X2,0.9269827351926944
44,X2,X51,0.9267734499959013
45,X62,X30,0.9261827655488457
46,X54,X64,0.9255604468777584
47,X53,X64,0.9245604125262277
48,X30,X44,0.9229844697431154
49,X30,X43,0.9200984418485335
50,X22,X35,0.9151907583854605
51,X35,X11,0.9108981935055962
52,X36,X33,0.9108734452689176
53,X22,X63,0.90948615680311
54,X63,X35,0.9092851604682282
55,X49,X62,0.9080630344273785
56,X9,X33,0.9077134766956367
57,X11,X63,0.9066313209562197
58,X7,X11,0.9037284498996928
59,X11,X14,0.9037284123265339
60,X30,X56,0.9031580744808041
61,X58,X30,0.9027175413999384
62,X30,X20,0.9024140310541067
63,X63,X48,0.9014368816522905
64,X48,X35,0.8999407879888134
65,X11,X18,0.8998361598703186
66,X22,X7,0.8886146498628351
67,X22,X14,0.888614613123395
68,X33,X22,0.8880833180881887
69,X33,X35,0.8876140108452861
70,X33,X11,0.8851503922002099
71,X22,X18,0.8847881217536049
72,X62,X44,0.8845315935606084
73,X43,X62,0.8816467720268513
74,X33,X48,0.8809420001398441
75,X14,X48,0.8647015118610959
76,X7,X48,0.8647013558456865
77,X62,X20,0.8643514060435713
78,X56,X62,0.8641300988097933
79,X62,X58,0.8638494302891063
80,X48,X18,0.8610658406383457
81,X10,X25,0.85949487674636
82,X38,X25,0.8564989243084572
83,X2,X6,0.842915960775242
84,X34,X9,0.8310849335194859
85,X34,X36,0.8292142952765582
86,X14,X35,0.8221220453621687
87,X35,X7,0.8221219425983508
88,X18,X35,0.8186446345473658
89,X11,X24,0.8056275723506623
90,X22,X24,0.78064263078647
91,X3,X6,0.7602148459577528
92,X51,X6,0.7597131349880247
93,X24,X48,0.7450167446013918
94,X24,X35,0.7440528006068218
95,X7,X24,0.7395856303917233
96,X24,X14,0.7395856035226015
97,X34,X48,0.7379157443915892
98,X18,X24,0.7364007602872032
99,X56,X13,0.7363911055533003
100,X13,X58,0.7359681991428597
101,X13,X20,0.735633698213033
102,X34,X11,0.7343638095173575
103,X34,X22,0.7341283992814738
104,X35,X34,0.7200578943072957
105,X13,X43,0.717322650512652
106,X7,X63,0.7093152299103118
107,X14,X63,0.709315034626123
108,X44,X13,0.7086223148867586
109,X13,X19,0.706407725678876
110,X63,X18,0.7032208177919173
